-- ============================================================
-- COLLEGE EVENT REGISTRATION SYSTEM
-- Auto-generated Sample Data - 75 Students, 17 Teams, 5 Events
-- Generated at: 2026-05-18T16:51:25.663Z
-- ============================================================

-- --------------------------------------------------------
-- STAFF
-- --------------------------------------------------------
INSERT INTO staff (staff_id, name, email, role, department) VALUES
(101, 'Dr. A. Sharma', 'sharma@college.edu', 'HOD', 'CSE'),
(102, 'Prof. R. Verma', 'verma@college.edu', 'Organizer', 'ECE'),
(103, 'Dr. P. Nair', 'nair@college.edu', 'Organizer', 'IT'),
(104, 'Prof. S. Mehta', 'mehta@college.edu', 'Coordinator', 'MECH');

-- --------------------------------------------------------
-- STUDENTS
-- --------------------------------------------------------
INSERT INTO students (student_id, name, email, contact_no, department, year, gender) VALUES
(1, 'Sunil Khanna', 'student1@college.com', '98669761752', 'CSE', 2, 'Female'),
(2, 'Vijay Sharma', 'student2@college.com', '98617185292', 'MECH', 1, 'Female'),
(3, 'Arjun Verma', 'student3@college.com', '98743557089', 'CSE', 4, 'Female'),
(4, 'Jyoti Desai', 'student4@college.com', '98668388466', 'CSE', 4, 'Female'),
(5, 'Rekha Gupta', 'student5@college.com', '98859540187', 'ECE', 1, 'Male'),
(6, 'Arjun Dubey', 'student6@college.com', '98470608485', 'MECH', 1, 'Male'),
(7, 'Meera Dubey', 'student7@college.com', '98103650377', 'MECH', 2, 'Male'),
(8, 'Sanjay Mehta', 'student8@college.com', '98560172041', 'MECH', 4, 'Male'),
(9, 'Harsh Roy', 'student9@college.com', '98569322852', 'ECE', 3, 'Male'),
(10, 'Divya Sharma', 'student10@college.com', '98526572932', 'ECE', 4, 'Male'),
(11, 'Sakshi Singh', 'student11@college.com', '98466495307', 'CSE', 3, 'Female'),
(12, 'Shruti Patel', 'student12@college.com', '9841311225', 'IT', 4, 'Female'),
(13, 'Rajesh Kumar', 'student13@college.com', '98755041085', 'ECE', 2, 'Male'),
(14, 'Rekha Chopra', 'student14@college.com', '98136006212', 'ECE', 2, 'Male'),
(15, 'Rohan Patel', 'student15@college.com', '98560405712', 'ECE', 1, 'Female'),
(16, 'Lata Verma', 'student16@college.com', '98540737056', 'MECH', 4, 'Male'),
(17, 'Rajesh Mehta', 'student17@college.com', '98916435957', 'CSE', 2, 'Male'),
(18, 'Rohan Mehta', 'student18@college.com', '98730157292', 'CSE', 1, 'Male'),
(19, 'Anjali Verma', 'student19@college.com', '98887010819', 'IT', 3, 'Female'),
(20, 'Arjun Mehta', 'student20@college.com', '98593150586', 'IT', 1, 'Female'),
(21, 'Alok Sen', 'student21@college.com', '98513453274', 'ECE', 4, 'Female'),
(22, 'Arjun Kumar', 'student22@college.com', '98628778235', 'IT', 4, 'Male'),
(23, 'Neha Sen', 'student23@college.com', '98970316086', 'ECE', 3, 'Female'),
(24, 'Pradeep Singh', 'student24@college.com', '98806408539', 'MECH', 1, 'Female'),
(25, 'Neha Singh', 'student25@college.com', '98444770953', 'ECE', 1, 'Male'),
(26, 'Suresh Kumar', 'student26@college.com', '98888602677', 'ECE', 3, 'Male'),
(27, 'Arjun Dubey', 'student27@college.com', '98336683097', 'ECE', 2, 'Male'),
(28, 'Meera Nair', 'student28@college.com', '98536480471', 'IT', 4, 'Male'),
(29, 'Aditya Gupta', 'student29@college.com', '98962496039', 'CSE', 1, 'Female'),
(30, 'Anil Nair', 'student30@college.com', '98560732705', 'CSE', 2, 'Male'),
(31, 'Nisha Mehta', 'student31@college.com', '98770560403', 'CSE', 2, 'Male'),
(32, 'Rohan Verma', 'student32@college.com', '98136858958', 'ECE', 3, 'Male'),
(33, 'Shruti Sharma', 'student33@college.com', '98999163361', 'CSE', 4, 'Female'),
(34, 'Anjali Singh', 'student34@college.com', '98178106942', 'ECE', 2, 'Male'),
(35, 'Deepa Roy', 'student35@college.com', '98707891789', 'MECH', 2, 'Female'),
(36, 'Neha Patel', 'student36@college.com', '9858636833', 'ECE', 1, 'Female'),
(37, 'Deepa Rao', 'student37@college.com', '9856542673', 'CSE', 1, 'Female'),
(38, 'Anjali Khanna', 'student38@college.com', '98223128324', 'ECE', 4, 'Female'),
(39, 'Sanjay Sen', 'student39@college.com', '98259464867', 'IT', 2, 'Female'),
(40, 'Pradeep Dubey', 'student40@college.com', '98978203937', 'CSE', 4, 'Female'),
(41, 'Meera Kumar', 'student41@college.com', '9872946110', 'ECE', 4, 'Male'),
(42, 'Isha Nair', 'student42@college.com', '98910786482', 'ECE', 3, 'Male'),
(43, 'Dinesh Chopra', 'student43@college.com', '98177356939', 'ECE', 3, 'Male'),
(44, 'Rahul Khanna', 'student44@college.com', '98454669338', 'MECH', 2, 'Male'),
(45, 'Aditya Kumar', 'student45@college.com', '98261333879', 'CSE', 3, 'Male'),
(46, 'Jyoti Desai', 'student46@college.com', '98102362418', 'ECE', 1, 'Female'),
(47, 'Aarti Singh', 'student47@college.com', '98189424626', 'MECH', 1, 'Female'),
(48, 'Rohan Singh', 'student48@college.com', '9842687621', 'IT', 1, 'Female'),
(49, 'Ritu Kumar', 'student49@college.com', '98409636115', 'IT', 3, 'Male'),
(50, 'Rekha Verma', 'student50@college.com', '98629176904', 'IT', 3, 'Male'),
(51, 'Shruti Roy', 'student51@college.com', '98690715474', 'CSE', 1, 'Female'),
(52, 'Sunita Patel', 'student52@college.com', '98318110134', 'ECE', 2, 'Female'),
(53, 'Rajesh Desai', 'student53@college.com', '98383380475', 'IT', 4, 'Female'),
(54, 'Manoj Pandey', 'student54@college.com', '98657071118', 'IT', 2, 'Female'),
(55, 'Sanjay Das', 'student55@college.com', '98338444055', 'CSE', 1, 'Female'),
(56, 'Rajesh Das', 'student56@college.com', '98364239824', 'IT', 3, 'Female'),
(57, 'Shruti Rao', 'student57@college.com', '98360049431', 'IT', 4, 'Male'),
(58, 'Ashok Bose', 'student58@college.com', '98205789854', 'IT', 2, 'Female'),
(59, 'Alok Desai', 'student59@college.com', '98858839897', 'IT', 4, 'Male'),
(60, 'Vijay Bose', 'student60@college.com', '98417277900', 'CSE', 2, 'Female'),
(61, 'Rohan Pandey', 'student61@college.com', '98513981985', 'ECE', 1, 'Male'),
(62, 'Sunita Sharma', 'student62@college.com', '98750854472', 'CSE', 4, 'Female'),
(63, 'Rekha Verma', 'student63@college.com', '98625937885', 'ECE', 1, 'Male'),
(64, 'Arjun Singh', 'student64@college.com', '98144250435', 'ECE', 1, 'Female'),
(65, 'Meera Patel', 'student65@college.com', '98121936337', 'CSE', 3, 'Female'),
(66, 'Lata Desai', 'student66@college.com', '9862100038', 'IT', 4, 'Female'),
(67, 'Suresh Patel', 'student67@college.com', '98624702554', 'ECE', 3, 'Male'),
(68, 'Shruti Mehta', 'student68@college.com', '98998165478', 'MECH', 4, 'Male'),
(69, 'Pradeep Das', 'student69@college.com', '98197949031', 'CSE', 4, 'Male'),
(70, 'Harsh Khanna', 'student70@college.com', '98656865886', 'IT', 2, 'Female'),
(71, 'Kavita Das', 'student71@college.com', '98381380551', 'ECE', 2, 'Female'),
(72, 'Vikram Mehta', 'student72@college.com', '98320563336', 'IT', 4, 'Female'),
(73, 'Divya Mehta', 'student73@college.com', '98864510673', 'CSE', 4, 'Female'),
(74, 'Kiran Dubey', 'student74@college.com', '98198201100', 'MECH', 4, 'Male'),
(75, 'Skanda', 'skanda@college.com', '9876543210', 'CSE', 3, 'Male');

-- --------------------------------------------------------
-- EVENTS
-- --------------------------------------------------------
INSERT INTO events (event_id, event_name, event_type, venue, event_date, start_time, end_time, max_participants, min_team_size, max_team_size, description, organizer_id, event_status) VALUES
(1, 'Smart India Hackathon 2024', 'Hackathon', 'Auditorium, Block A', '2024-05-20', '09:00:00', '17:00:00', 100, 2, 5, 'Annual national-level hackathon for innovative solutions.', 101, 'Completed'),
(2, 'CodeQuest Programming Contest', 'CodeContest', 'Lab 3, Computer Center', '2024-05-25', '10:00:00', '13:00:00', 80, 1, 3, 'Competitive programming with algorithmic problems.', 102, 'Completed'),
(3, 'AI & ML Web Dev Workshop', 'Workshop', 'Lab C, Block A', '2024-06-01', '09:30:00', '16:00:00', 80, 1, 1, 'Research paper presentation and hands-on workshop.', 103, 'Upcoming'),
(4, 'Esports Gaming Tournament', 'Gaming', 'Sports Complex', '2024-06-05', '14:00:00', '20:00:00', 120, 1, 4, 'Multi-game esports tournament.', 104, 'Upcoming'),
(5, 'Tech Startup Presentation', 'Presentation', 'Seminar Hall, Block B', '2024-06-10', '11:00:00', '13:00:00', 60, 1, 2, 'General presentation and pitching of tech startup plans.', 101, 'Upcoming');

-- --------------------------------------------------------
-- TEAMS
-- --------------------------------------------------------
INSERT INTO teams (team_id, team_name, event_id, leader_id, team_size, status) VALUES
(1, 'Code Warriors', 2, 4, 2, 'Active'),
(2, 'Bug Avengers', 3, 7, 3, 'Active'),
(3, 'Syntax Squad', 4, 10, 4, 'Active'),
(4, 'Null Pointers', 5, 13, 4, 'Active'),
(5, 'Algo Titans', 1, 16, 4, 'Active'),
(6, 'Debug Dragons', 2, 19, 3, 'Active'),
(7, 'Binary Blazers', 3, 22, 2, 'Active'),
(8, 'Cyber Wolves', 4, 25, 3, 'Active'),
(9, 'Tech Ninjas', 5, 28, 3, 'Active'),
(10, 'Data Dynamos', 1, 31, 3, 'Active'),
(11, 'Pixel Pirates', 2, 34, 2, 'Active'),
(12, 'Cloud Crusaders', 3, 37, 2, 'Active'),
(13, 'Logic Lords', 4, 40, 4, 'Active'),
(14, 'Quantum Coders', 5, 43, 3, 'Active'),
(15, 'Stack Smashers', 1, 46, 2, 'Active'),
(16, 'Bit Busters', 2, 49, 2, 'Active'),
(17, 'Neural Knights', 3, 52, 2, 'Active');

-- --------------------------------------------------------
-- TEAM MEMBERS
-- --------------------------------------------------------
INSERT INTO team_members (team_id, student_id, role) VALUES
(1, 4, 'Leader'),
(1, 60, 'Member'),
(2, 7, 'Leader'),
(2, 11, 'Member'),
(2, 32, 'Member'),
(3, 10, 'Leader'),
(3, 55, 'Member'),
(3, 42, 'Member'),
(3, 68, 'Member'),
(4, 13, 'Leader'),
(4, 60, 'Member'),
(4, 31, 'Member'),
(4, 8, 'Member'),
(5, 16, 'Leader'),
(5, 60, 'Member'),
(5, 11, 'Member'),
(5, 7, 'Member'),
(6, 19, 'Leader'),
(6, 26, 'Member'),
(6, 35, 'Member'),
(7, 22, 'Leader'),
(7, 26, 'Member'),
(8, 25, 'Leader'),
(8, 64, 'Member'),
(8, 71, 'Member'),
(9, 28, 'Leader'),
(9, 38, 'Member'),
(9, 29, 'Member'),
(10, 31, 'Leader'),
(10, 64, 'Member'),
(10, 70, 'Member'),
(11, 34, 'Leader'),
(11, 53, 'Member'),
(12, 37, 'Leader'),
(12, 70, 'Member'),
(13, 40, 'Leader'),
(13, 18, 'Member'),
(13, 37, 'Member'),
(13, 45, 'Member'),
(14, 43, 'Leader'),
(14, 2, 'Member'),
(14, 34, 'Member'),
(15, 46, 'Leader'),
(15, 42, 'Member'),
(16, 49, 'Leader'),
(16, 38, 'Member'),
(17, 52, 'Leader'),
(17, 14, 'Member');

-- --------------------------------------------------------
-- REGISTRATIONS
-- --------------------------------------------------------
INSERT INTO registrations (reg_id, student_id, event_id, team_id, registration_type, status, attendance_status, payment_status) VALUES
(1, 4, 2, 1, 'Team', 'Completed', 'Present', 'Paid'),
(2, 60, 2, 1, 'Team', 'Completed', 'Present', 'Paid'),
(3, 7, 3, 2, 'Team', 'Completed', 'Present', 'Paid'),
(4, 11, 3, 2, 'Team', 'Completed', 'Present', 'Paid'),
(5, 32, 3, 2, 'Team', 'Completed', 'Present', 'Paid'),
(6, 10, 4, 3, 'Team', 'Completed', 'Present', 'Paid'),
(7, 55, 4, 3, 'Team', 'Completed', 'Present', 'Paid'),
(8, 42, 4, 3, 'Team', 'Completed', 'Present', 'Paid'),
(9, 68, 4, 3, 'Team', 'Completed', 'Present', 'Paid'),
(10, 13, 5, 4, 'Team', 'Completed', 'Present', 'Paid'),
(11, 60, 5, 4, 'Team', 'Completed', 'Present', 'Paid'),
(12, 31, 5, 4, 'Team', 'Completed', 'Present', 'Paid'),
(13, 8, 5, 4, 'Team', 'Completed', 'Present', 'Paid'),
(14, 16, 1, 5, 'Team', 'Completed', 'Present', 'Paid'),
(15, 60, 1, 5, 'Team', 'Completed', 'Present', 'Paid'),
(16, 11, 1, 5, 'Team', 'Completed', 'Present', 'Paid'),
(17, 7, 1, 5, 'Team', 'Completed', 'Present', 'Paid'),
(18, 19, 2, 6, 'Team', 'Completed', 'Present', 'Paid'),
(19, 26, 2, 6, 'Team', 'Completed', 'Present', 'Paid'),
(20, 35, 2, 6, 'Team', 'Completed', 'Present', 'Paid'),
(21, 22, 3, 7, 'Team', 'Completed', 'Present', 'Paid'),
(22, 26, 3, 7, 'Team', 'Completed', 'Present', 'Paid'),
(23, 25, 4, 8, 'Team', 'Completed', 'Present', 'Paid'),
(24, 64, 4, 8, 'Team', 'Completed', 'Present', 'Paid'),
(25, 71, 4, 8, 'Team', 'Completed', 'Present', 'Paid'),
(26, 28, 5, 9, 'Team', 'Completed', 'Present', 'Paid'),
(27, 38, 5, 9, 'Team', 'Completed', 'Present', 'Paid'),
(28, 29, 5, 9, 'Team', 'Completed', 'Present', 'Paid'),
(29, 31, 1, 10, 'Team', 'Completed', 'Present', 'Paid'),
(30, 64, 1, 10, 'Team', 'Completed', 'Present', 'Paid'),
(31, 70, 1, 10, 'Team', 'Completed', 'Present', 'Paid'),
(32, 34, 2, 11, 'Team', 'Completed', 'Present', 'Paid'),
(33, 53, 2, 11, 'Team', 'Completed', 'Present', 'Paid'),
(34, 37, 3, 12, 'Team', 'Completed', 'Present', 'Paid'),
(35, 70, 3, 12, 'Team', 'Completed', 'Present', 'Paid'),
(36, 40, 4, 13, 'Team', 'Completed', 'Present', 'Paid'),
(37, 18, 4, 13, 'Team', 'Completed', 'Present', 'Paid'),
(38, 37, 4, 13, 'Team', 'Completed', 'Present', 'Paid'),
(39, 45, 4, 13, 'Team', 'Completed', 'Present', 'Paid'),
(40, 43, 5, 14, 'Team', 'Completed', 'Present', 'Paid'),
(41, 2, 5, 14, 'Team', 'Completed', 'Present', 'Paid'),
(42, 34, 5, 14, 'Team', 'Completed', 'Present', 'Paid'),
(43, 46, 1, 15, 'Team', 'Completed', 'Present', 'Paid'),
(44, 42, 1, 15, 'Team', 'Completed', 'Present', 'Paid'),
(45, 49, 2, 16, 'Team', 'Completed', 'Present', 'Paid'),
(46, 38, 2, 16, 'Team', 'Completed', 'Present', 'Paid'),
(47, 52, 3, 17, 'Team', 'Completed', 'Present', 'Paid'),
(48, 14, 3, 17, 'Team', 'Completed', 'Present', 'Paid'),
(49, 1, 3, NULL, 'Individual', 'Registered', 'Pending', 'NA'),
(50, 2, 3, NULL, 'Individual', 'Registered', 'Pending', 'NA'),
(51, 3, 5, NULL, 'Individual', 'Registered', 'Pending', 'NA'),
(52, 4, 3, NULL, 'Individual', 'Registered', 'Pending', 'NA'),
(53, 5, 5, NULL, 'Individual', 'Registered', 'Pending', 'NA'),
(54, 6, 4, NULL, 'Individual', 'Registered', 'Pending', 'NA'),
(55, 7, 5, NULL, 'Individual', 'Registered', 'Pending', 'NA'),
(56, 9, 4, NULL, 'Individual', 'Registered', 'Pending', 'NA'),
(57, 12, 3, NULL, 'Individual', 'Registered', 'Pending', 'NA'),
(58, 14, 4, NULL, 'Individual', 'Registered', 'Pending', 'NA'),
(59, 15, 3, NULL, 'Individual', 'Registered', 'Pending', 'NA'),
(60, 16, 5, NULL, 'Individual', 'Registered', 'Pending', 'NA'),
(61, 17, 5, NULL, 'Individual', 'Registered', 'Pending', 'NA'),
(62, 19, 4, NULL, 'Individual', 'Registered', 'Pending', 'NA'),
(63, 20, 3, NULL, 'Individual', 'Registered', 'Pending', 'NA'),
(64, 21, 4, NULL, 'Individual', 'Registered', 'Pending', 'NA'),
(65, 22, 5, NULL, 'Individual', 'Registered', 'Pending', 'NA'),
(66, 23, 5, NULL, 'Individual', 'Registered', 'Pending', 'NA'),
(67, 24, 5, NULL, 'Individual', 'Registered', 'Pending', 'NA'),
(68, 25, 5, NULL, 'Individual', 'Registered', 'Pending', 'NA'),
(69, 26, 5, NULL, 'Individual', 'Registered', 'Pending', 'NA'),
(70, 27, 4, NULL, 'Individual', 'Registered', 'Pending', 'NA'),
(71, 29, 4, NULL, 'Individual', 'Registered', 'Pending', 'NA'),
(72, 30, 5, NULL, 'Individual', 'Registered', 'Pending', 'NA'),
(73, 31, 4, NULL, 'Individual', 'Registered', 'Pending', 'NA'),
(74, 33, 3, NULL, 'Individual', 'Registered', 'Pending', 'NA'),
(75, 34, 4, NULL, 'Individual', 'Registered', 'Pending', 'NA'),
(76, 35, 3, NULL, 'Individual', 'Registered', 'Pending', 'NA'),
(77, 36, 3, NULL, 'Individual', 'Registered', 'Pending', 'NA'),
(78, 38, 4, NULL, 'Individual', 'Registered', 'Pending', 'NA'),
(79, 39, 5, NULL, 'Individual', 'Registered', 'Pending', 'NA'),
(80, 40, 3, NULL, 'Individual', 'Registered', 'Pending', 'NA'),
(81, 41, 5, NULL, 'Individual', 'Registered', 'Pending', 'NA'),
(82, 42, 5, NULL, 'Individual', 'Registered', 'Pending', 'NA'),
(83, 43, 3, NULL, 'Individual', 'Registered', 'Pending', 'NA'),
(84, 44, 5, NULL, 'Individual', 'Registered', 'Pending', 'NA'),
(85, 45, 5, NULL, 'Individual', 'Registered', 'Pending', 'NA'),
(86, 46, 3, NULL, 'Individual', 'Registered', 'Pending', 'NA'),
(87, 47, 3, NULL, 'Individual', 'Registered', 'Pending', 'NA'),
(88, 48, 5, NULL, 'Individual', 'Registered', 'Pending', 'NA'),
(89, 49, 4, NULL, 'Individual', 'Registered', 'Pending', 'NA'),
(90, 50, 5, NULL, 'Individual', 'Registered', 'Pending', 'NA'),
(91, 51, 4, NULL, 'Individual', 'Registered', 'Pending', 'NA'),
(92, 53, 4, NULL, 'Individual', 'Registered', 'Pending', 'NA'),
(93, 54, 5, NULL, 'Individual', 'Registered', 'Pending', 'NA'),
(94, 55, 3, NULL, 'Individual', 'Registered', 'Pending', 'NA'),
(95, 56, 5, NULL, 'Individual', 'Registered', 'Pending', 'NA'),
(96, 57, 5, NULL, 'Individual', 'Registered', 'Pending', 'NA'),
(97, 58, 4, NULL, 'Individual', 'Registered', 'Pending', 'NA'),
(98, 59, 3, NULL, 'Individual', 'Registered', 'Pending', 'NA'),
(99, 60, 3, NULL, 'Individual', 'Registered', 'Pending', 'NA'),
(100, 61, 4, NULL, 'Individual', 'Registered', 'Pending', 'NA'),
(101, 62, 5, NULL, 'Individual', 'Registered', 'Pending', 'NA'),
(102, 63, 5, NULL, 'Individual', 'Registered', 'Pending', 'NA'),
(103, 64, 5, NULL, 'Individual', 'Registered', 'Pending', 'NA'),
(104, 65, 4, NULL, 'Individual', 'Registered', 'Pending', 'NA'),
(105, 66, 3, NULL, 'Individual', 'Registered', 'Pending', 'NA'),
(106, 67, 4, NULL, 'Individual', 'Registered', 'Pending', 'NA'),
(107, 69, 4, NULL, 'Individual', 'Registered', 'Pending', 'NA'),
(108, 70, 5, NULL, 'Individual', 'Registered', 'Pending', 'NA'),
(109, 72, 3, NULL, 'Individual', 'Registered', 'Pending', 'NA'),
(110, 73, 5, NULL, 'Individual', 'Registered', 'Pending', 'NA'),
(111, 74, 5, NULL, 'Individual', 'Registered', 'Pending', 'NA'),
(112, 75, 5, NULL, 'Individual', 'Registered', 'Pending', 'NA');

-- --------------------------------------------------------
-- RESULTS
-- --------------------------------------------------------
INSERT INTO results (result_id, team_id, student_id, event_id, score, rank_position, completion_time, penalty_points) VALUES
(1, 1, 4, 2, 87, 1, 176, 4),
(2, 5, 16, 1, 93, 4, 132, 2),
(3, 6, 19, 2, 85, 4, 169, 2),
(4, 10, 31, 1, 88, 5, 173, 5),
(5, 11, 34, 2, 99, 2, 156, 5),
(6, 15, 46, 1, 96, 4, 129, 3),
(7, 16, 49, 2, 94, 5, 142, 4);

-- --------------------------------------------------------
-- CERTIFICATES
-- --------------------------------------------------------
INSERT INTO certificates (cert_id, student_id, event_id, team_id, certificate_type, score_obtained, rank_achieved, issued_date, certificate_number, status) VALUES
(1, 4, 2, 1, 'Winner', 83, 1, '2024-05-30', 'CERT-2024-002', 'Printed'),
(2, 16, 1, 5, 'Participation', 91, 4, '2024-05-30', 'CERT-2024-003', 'Generated'),
(3, 19, 2, 6, 'Participation', 83, 4, '2024-05-30', 'CERT-2024-004', 'Distributed'),
(4, 31, 1, 10, 'Participation', 83, 5, '2024-05-30', 'CERT-2024-005', 'Generated'),
(5, 34, 2, 11, 'Winner', 94, 2, '2024-05-30', 'CERT-2024-006', 'Printed'),
(6, 46, 1, 15, 'Participation', 93, 4, '2024-05-30', 'CERT-2024-007', 'Printed'),
(7, 49, 2, 16, 'Participation', 90, 5, '2024-05-30', 'CERT-2024-008', 'Printed');
